Model,MAE,RMSE,R2 Score
Linear Regression,1638.440318609762,2265.765661422518,0.9772461255765711
Random Forest,2158.6241474105022,2768.5862579041973,0.9660264059160146
ATH-CryptoNet (Proposed),3571.2274977992956,4318.6975246337,0.9173332333799193
